{
  "dist": "triangular",
  "n_draws": 200000,
  "seed": 2026,
  "sigma_size": 759499667166482,
  "sigma_size_expected": 759499667166482,
  "sigma_size_ok": true,
  "H_closed_form_bits": 46.841627,
  "H_monte_carlo_bits": 46.838143,
  "abs_delta_bits": 0.003484,
  "delta_threshold_bits": 0.01,
  "delta_ok": true,
  "per_bar_bits": [
    3.274402,
    3.274402,
    3.274402,
    3.274402,
    3.274402,
    3.274402,
    3.274402,
    1.0,
    3.274402,
    3.274402,
    3.274402,
    3.274402,
    3.274402,
    3.274402,
    3.274402,
    -0.0
  ]
}
